building,room 1,sensorId,unit
Webtech,Studeerkamer,A81758FFFE053FDB,ppm

Time (UTC),Value
03/23/2022 23:59:11,1314.00
03/23/2022 23:54:11,1348.00
03/23/2022 23:49:11,1350.00
03/23/2022 23:44:11,1364.00
03/23/2022 23:39:11,1379.00
03/23/2022 23:34:11,1401.00
03/23/2022 23:29:11,1416.00
03/23/2022 23:24:11,1429.00
03/23/2022 23:19:11,1432.00
03/23/2022 23:14:11,1451.00
03/23/2022 23:09:11,1496.00
03/23/2022 23:04:11,1525.00
03/23/2022 22:59:11,1538.00
03/23/2022 22:54:11,1560.00
03/23/2022 22:49:11,1581.00
03/23/2022 22:44:11,1608.00
03/23/2022 22:39:11,1621.00
03/23/2022 22:34:11,1651.00
03/23/2022 22:29:11,1677.00
03/23/2022 22:24:11,1720.00
03/23/2022 22:19:11,1744.00
03/23/2022 22:14:11,1776.00
03/23/2022 22:09:11,1810.00
03/23/2022 22:04:11,1791.00
03/23/2022 21:59:11,1812.00
03/23/2022 21:54:11,1883.00
03/23/2022 21:49:11,1936.00
03/23/2022 21:44:11,1923.00
03/23/2022 21:39:11,1941.00
03/23/2022 21:34:11,1924.00
03/23/2022 21:29:11,1915.00
03/23/2022 21:24:11,1894.00
03/23/2022 21:19:11,1871.00
03/23/2022 21:14:11,1864.00
03/23/2022 21:09:11,1846.00
03/23/2022 21:04:11,1869.00
03/23/2022 20:59:11,1848.00
03/23/2022 20:54:11,1862.00
03/23/2022 20:49:11,1876.00
03/23/2022 20:44:11,1836.00
03/23/2022 20:39:11,1832.00
03/23/2022 20:34:11,1782.00
03/23/2022 20:29:11,1787.00
03/23/2022 20:24:11,1761.00
03/23/2022 20:19:11,1755.00
03/23/2022 20:14:11,1755.00
03/23/2022 20:09:11,1771.00
03/23/2022 20:04:11,1736.00
03/23/2022 19:59:12,1726.00
03/23/2022 19:54:11,1749.00
03/23/2022 19:49:11,1722.00
03/23/2022 19:44:12,1739.00
03/23/2022 19:39:12,1730.00
03/23/2022 19:34:12,1704.00
03/23/2022 19:29:12,1713.00
03/23/2022 19:24:12,1667.00
03/23/2022 19:19:12,1666.00
03/23/2022 19:14:12,1637.00
03/23/2022 19:09:12,1599.00
03/23/2022 19:04:12,1595.00
03/23/2022 18:59:12,1580.00
03/23/2022 18:54:12,1549.00
03/23/2022 18:49:12,1516.00
03/23/2022 18:44:12,1512.00
03/23/2022 18:39:12,1486.00
03/23/2022 18:34:12,1468.00
03/23/2022 18:29:12,1399.00
03/23/2022 18:24:12,1421.00
03/23/2022 18:19:12,1385.00
03/23/2022 18:14:12,1361.00
03/23/2022 18:09:12,1355.00
03/23/2022 18:04:12,1312.00
03/23/2022 17:59:12,1322.00
03/23/2022 17:54:12,1242.00
03/23/2022 17:49:12,1218.00
03/23/2022 17:44:12,1193.00
03/23/2022 17:39:12,1165.00
03/23/2022 17:34:12,1120.00
03/23/2022 17:29:12,1099.00
03/23/2022 17:24:12,1064.00
03/23/2022 17:19:12,1038.00
03/23/2022 17:14:12,1019.00
03/23/2022 17:09:12,962.00
03/23/2022 17:04:12,990.00
03/23/2022 16:59:12,967.00
03/23/2022 16:54:12,937.00
03/23/2022 16:49:12,940.00
03/23/2022 16:44:12,851.00
03/23/2022 16:39:12,870.00
03/23/2022 16:34:12,792.00
03/23/2022 16:29:12,743.00
03/23/2022 16:24:12,685.00
03/23/2022 16:19:12,661.00
03/23/2022 16:14:12,666.00
03/23/2022 16:09:12,668.00
03/23/2022 16:04:12,665.00
03/23/2022 15:59:12,665.00
03/23/2022 15:54:12,671.00
03/23/2022 15:49:12,665.00
03/23/2022 15:44:12,667.00
03/23/2022 15:39:12,664.00
03/23/2022 15:34:12,663.00
03/23/2022 15:29:12,681.00
03/23/2022 15:24:12,671.00
03/23/2022 15:19:12,671.00
03/23/2022 15:14:12,627.00
03/23/2022 15:09:12,628.00
03/23/2022 15:04:12,622.00
03/23/2022 14:59:12,626.00
03/23/2022 14:54:12,617.00
03/23/2022 14:49:12,631.00
03/23/2022 14:44:12,629.00
03/23/2022 14:39:13,624.00
03/23/2022 14:34:12,626.00
03/23/2022 14:29:12,629.00
03/23/2022 14:24:12,625.00
03/23/2022 14:19:13,625.00
03/23/2022 14:14:13,637.00
03/23/2022 14:09:13,634.00
03/23/2022 14:04:13,626.00
03/23/2022 13:59:13,626.00
03/23/2022 13:54:13,625.00
03/23/2022 13:49:13,632.00
03/23/2022 13:44:13,626.00
03/23/2022 13:39:13,630.00
03/23/2022 13:34:13,629.00
03/23/2022 13:29:13,635.00
03/23/2022 13:24:13,622.00
03/23/2022 13:19:13,634.00
03/23/2022 13:14:13,627.00
03/23/2022 13:09:13,626.00
03/23/2022 13:04:13,633.00
03/23/2022 12:59:13,623.00
03/23/2022 12:54:13,628.00
03/23/2022 12:49:13,624.00
03/23/2022 12:44:13,630.00
03/23/2022 12:39:13,634.00
03/23/2022 12:34:13,626.00
03/23/2022 12:29:13,636.00
03/23/2022 12:24:13,629.00
03/23/2022 12:19:13,636.00
03/23/2022 12:14:13,633.00
03/23/2022 12:09:13,644.00
03/23/2022 12:04:13,634.00
03/23/2022 11:59:13,627.00
03/23/2022 11:54:13,634.00
03/23/2022 11:49:13,630.00
03/23/2022 11:44:13,636.00
03/23/2022 11:39:13,633.00
03/23/2022 11:34:13,641.00
03/23/2022 11:29:13,630.00
03/23/2022 11:24:13,636.00
03/23/2022 11:19:13,626.00
03/23/2022 11:14:13,628.00
03/23/2022 11:09:13,626.00
03/23/2022 11:04:13,628.00
03/23/2022 10:59:13,644.00
03/23/2022 10:54:13,635.00
03/23/2022 10:49:13,635.00
03/23/2022 10:44:13,627.00
03/23/2022 10:39:13,636.00
03/23/2022 10:34:13,630.00
03/23/2022 10:29:13,637.00
03/23/2022 10:24:13,625.00
03/23/2022 10:19:13,637.00
03/23/2022 10:14:13,632.00
03/23/2022 10:04:13,638.00
03/23/2022 09:59:13,635.00
03/23/2022 09:54:13,637.00
03/23/2022 09:49:13,636.00
03/23/2022 09:44:13,640.00
03/23/2022 09:39:13,648.00
03/23/2022 09:34:13,650.00
03/23/2022 09:29:13,656.00
03/23/2022 09:24:13,645.00
03/23/2022 09:19:14,649.00
03/23/2022 09:14:13,653.00
03/23/2022 09:09:13,655.00
03/23/2022 09:04:13,651.00
03/23/2022 08:59:13,656.00
03/23/2022 08:54:13,664.00
03/23/2022 08:49:14,660.00
03/23/2022 08:44:14,666.00
03/23/2022 08:39:14,670.00
03/23/2022 08:34:14,673.00
03/23/2022 08:29:14,673.00
03/23/2022 08:24:14,678.00
03/23/2022 08:19:14,690.00
03/23/2022 08:14:14,671.00
03/23/2022 08:09:14,592.00
03/23/2022 08:04:14,581.00
03/23/2022 07:59:14,580.00
03/23/2022 07:54:14,582.00
03/23/2022 07:49:14,583.00
03/23/2022 07:44:14,592.00
03/23/2022 07:39:14,570.00
03/23/2022 07:34:14,576.00
03/23/2022 07:29:14,570.00
03/23/2022 07:24:14,570.00
03/23/2022 07:19:14,584.00
03/23/2022 07:14:14,589.00
03/23/2022 07:09:14,595.00
03/23/2022 07:04:14,595.00
03/23/2022 06:59:14,593.00
03/23/2022 06:54:14,596.00
03/23/2022 06:49:14,599.00
03/23/2022 06:44:14,602.00
03/23/2022 06:39:14,607.00
03/23/2022 06:34:14,610.00
03/23/2022 06:29:14,613.00
03/23/2022 06:24:14,616.00
03/23/2022 06:19:14,611.00
03/23/2022 06:14:14,620.00
03/23/2022 06:09:14,618.00
03/23/2022 06:04:14,623.00
03/23/2022 05:59:14,633.00
03/23/2022 05:54:14,637.00
03/23/2022 05:49:14,637.00
03/23/2022 05:44:14,646.00
03/23/2022 05:39:14,651.00
03/23/2022 05:34:14,655.00
03/23/2022 05:29:14,662.00
03/23/2022 05:24:14,669.00
03/23/2022 05:19:14,668.00
03/23/2022 05:14:14,680.00
03/23/2022 05:09:14,672.00
03/23/2022 05:04:14,676.00
03/23/2022 04:59:14,683.00
03/23/2022 04:54:14,693.00
03/23/2022 04:49:14,669.00
03/23/2022 04:44:14,681.00
03/23/2022 04:39:14,685.00
03/23/2022 04:34:14,694.00
03/23/2022 04:29:14,687.00
03/23/2022 04:24:14,695.00
03/23/2022 04:19:14,693.00
03/23/2022 04:14:14,697.00
03/23/2022 04:09:14,701.00
03/23/2022 04:04:14,709.00
03/23/2022 03:59:15,705.00
03/23/2022 03:54:14,710.00
03/23/2022 03:49:14,728.00
03/23/2022 03:44:14,722.00
03/23/2022 03:39:14,730.00
03/23/2022 03:34:14,729.00
03/23/2022 03:29:14,743.00
03/23/2022 03:24:15,741.00
03/23/2022 03:19:15,752.00
03/23/2022 03:14:15,760.00
03/23/2022 03:09:15,768.00
03/23/2022 03:04:15,767.00
03/23/2022 02:59:15,775.00
03/23/2022 02:54:15,785.00
03/23/2022 02:49:15,776.00
03/23/2022 02:44:15,795.00
03/23/2022 02:39:15,800.00
03/23/2022 02:34:15,813.00
03/23/2022 02:29:15,820.00
03/23/2022 02:24:15,831.00
03/23/2022 02:19:15,831.00
03/23/2022 02:14:15,829.00
03/23/2022 02:09:15,839.00
03/23/2022 02:04:15,852.00
03/23/2022 01:59:15,856.00
03/23/2022 01:54:15,865.00
03/23/2022 01:49:15,874.00
03/23/2022 01:44:15,880.00
03/23/2022 01:39:15,880.00
03/23/2022 01:34:15,881.00
03/23/2022 01:29:15,903.00
03/23/2022 01:24:15,910.00
03/23/2022 01:19:15,911.00
03/23/2022 01:14:15,902.00
03/23/2022 01:09:15,905.00
03/23/2022 01:04:15,918.00
03/23/2022 00:59:15,929.00
03/23/2022 00:54:15,945.00
03/23/2022 00:49:15,946.00
03/23/2022 00:44:15,955.00
03/23/2022 00:39:15,966.00
03/23/2022 00:34:15,967.00
03/23/2022 00:29:15,970.00
03/23/2022 00:24:15,986.00
03/23/2022 00:19:15,995.00
03/23/2022 00:14:15,999.00
03/23/2022 00:09:15,1014.00
03/23/2022 00:04:15,1014.00
03/22/2022 23:59:15,1029.00
03/22/2022 23:54:15,1045.00
03/22/2022 23:49:15,1046.00
03/22/2022 23:44:15,1081.00
03/22/2022 23:39:15,1071.00
03/22/2022 23:34:15,1088.00
03/22/2022 23:29:15,1098.00
03/22/2022 23:24:15,1114.00
03/22/2022 23:19:15,1148.00
03/22/2022 23:14:15,1149.00
03/22/2022 23:09:15,1164.00
03/22/2022 23:04:15,1173.00
03/22/2022 22:59:15,1177.00
03/22/2022 22:54:15,1193.00
03/22/2022 22:49:15,1218.00
03/22/2022 22:44:15,1228.00
03/22/2022 22:34:15,1243.00
03/22/2022 22:29:15,1264.00
03/22/2022 22:24:15,1314.00
03/22/2022 22:19:16,1337.00
03/22/2022 22:14:16,1300.00
03/22/2022 22:09:16,1291.00
03/22/2022 22:04:16,1298.00
03/22/2022 21:59:16,1268.00
03/22/2022 21:54:16,1238.00
03/22/2022 21:49:16,1240.00
03/22/2022 21:44:16,1256.00
03/22/2022 21:39:16,1223.00
03/22/2022 21:34:16,1239.00
03/22/2022 21:29:16,1169.00
03/22/2022 21:24:16,1146.00
03/22/2022 21:19:16,1142.00
03/22/2022 21:14:16,1122.00
03/22/2022 21:09:16,1083.00
03/22/2022 21:04:16,1060.00
03/22/2022 20:59:16,1049.00
03/22/2022 20:54:16,1018.00
03/22/2022 20:49:16,996.00
03/22/2022 20:44:16,962.00
03/22/2022 20:39:16,972.00
03/22/2022 20:34:16,910.00
03/22/2022 20:29:16,927.00
03/22/2022 20:24:16,890.00
03/22/2022 20:19:16,854.00
03/22/2022 20:14:16,846.00
03/22/2022 20:09:16,801.00
03/22/2022 20:04:16,782.00
03/22/2022 19:59:16,744.00
03/22/2022 19:54:16,697.00
03/22/2022 19:49:16,687.00
03/22/2022 19:44:16,699.00
03/22/2022 19:39:16,683.00
03/22/2022 19:34:16,665.00
03/22/2022 19:29:16,683.00
03/22/2022 19:24:16,680.00
03/22/2022 19:19:16,690.00
03/22/2022 19:14:16,688.00
03/22/2022 19:09:16,689.00
03/22/2022 19:04:16,705.00
03/22/2022 18:59:16,695.00
03/22/2022 18:54:16,705.00
03/22/2022 18:49:16,702.00
03/22/2022 18:44:16,715.00
03/22/2022 18:39:16,692.00
03/22/2022 18:34:16,707.00
03/22/2022 18:29:16,714.00
03/22/2022 18:24:16,713.00
03/22/2022 18:19:16,709.00
03/22/2022 18:14:16,718.00
03/22/2022 18:09:16,732.00
03/22/2022 18:04:16,732.00
03/22/2022 17:59:16,714.00
03/22/2022 17:54:16,729.00
03/22/2022 17:49:16,727.00
03/22/2022 17:44:16,731.00
03/22/2022 17:39:16,735.00
03/22/2022 17:34:16,741.00
03/22/2022 17:29:17,741.00
03/22/2022 17:24:16,756.00
03/22/2022 17:19:17,757.00
03/22/2022 17:14:16,754.00
03/22/2022 17:09:16,758.00
03/22/2022 17:04:16,756.00
03/22/2022 16:59:17,751.00
03/22/2022 16:54:17,754.00
03/22/2022 16:49:17,727.00
03/22/2022 16:44:17,743.00
03/22/2022 16:39:17,743.00
03/22/2022 16:34:17,751.00
03/22/2022 16:29:17,734.00
03/22/2022 16:24:17,735.00
03/22/2022 16:19:17,742.00
03/22/2022 16:14:17,740.00
03/22/2022 16:09:17,751.00
03/22/2022 16:04:17,746.00
03/22/2022 15:59:17,741.00
03/22/2022 15:54:17,743.00
03/22/2022 15:49:17,747.00
03/22/2022 15:44:17,741.00
03/22/2022 15:39:17,752.00
03/22/2022 15:34:17,747.00
03/22/2022 15:29:17,738.00
03/22/2022 15:24:17,742.00
03/22/2022 15:19:17,757.00
03/22/2022 15:14:17,756.00
03/22/2022 15:09:17,745.00
03/22/2022 15:04:17,753.00
03/22/2022 14:59:17,733.00
03/22/2022 14:54:17,754.00
03/22/2022 14:49:17,748.00
03/22/2022 14:44:17,763.00
03/22/2022 14:39:17,754.00
03/22/2022 14:34:17,752.00
03/22/2022 14:29:17,757.00
03/22/2022 14:24:17,743.00
03/22/2022 14:19:17,745.00
03/22/2022 14:14:17,751.00
03/22/2022 14:09:17,753.00
03/22/2022 14:04:17,763.00
03/22/2022 13:59:17,758.00
03/22/2022 13:54:17,763.00
03/22/2022 13:49:17,759.00
03/22/2022 13:44:17,759.00
03/22/2022 13:39:17,751.00
03/22/2022 13:34:17,762.00
03/22/2022 13:29:17,753.00
03/22/2022 13:24:17,762.00
03/22/2022 13:19:17,757.00
03/22/2022 13:14:17,770.00
03/22/2022 13:09:17,758.00
03/22/2022 13:04:17,770.00
03/22/2022 12:59:17,764.00
03/22/2022 12:54:17,764.00
03/22/2022 12:49:17,767.00
03/22/2022 12:44:17,769.00
03/22/2022 12:39:17,763.00
03/22/2022 12:34:17,770.00
03/22/2022 12:29:17,772.00
03/22/2022 12:24:17,771.00
03/22/2022 12:19:17,766.00
03/22/2022 12:14:17,778.00
03/22/2022 12:09:17,796.00
03/22/2022 12:04:18,775.00
03/22/2022 11:59:18,777.00
03/22/2022 11:54:18,785.00
03/22/2022 11:49:18,782.00
03/22/2022 11:44:18,779.00
03/22/2022 11:39:18,783.00
03/22/2022 11:34:18,781.00
03/22/2022 11:29:18,791.00
03/22/2022 11:24:18,793.00
03/22/2022 11:19:18,796.00
03/22/2022 11:14:18,800.00
03/22/2022 11:09:18,809.00
03/22/2022 11:04:18,803.00
03/22/2022 10:59:18,813.00
03/22/2022 10:54:18,820.00
03/22/2022 10:49:18,826.00
03/22/2022 10:44:18,829.00
03/22/2022 10:39:18,831.00
03/22/2022 10:34:18,834.00
03/22/2022 10:29:18,839.00
03/22/2022 10:24:18,839.00
03/22/2022 10:19:18,847.00
03/22/2022 10:14:18,846.00
03/22/2022 10:09:18,856.00
03/22/2022 10:04:18,855.00
03/22/2022 09:59:18,863.00
03/22/2022 09:54:18,865.00
03/22/2022 09:49:18,878.00
03/22/2022 09:44:18,877.00
03/22/2022 09:39:18,884.00
03/22/2022 09:34:18,872.00
03/22/2022 09:29:18,889.00
03/22/2022 09:24:18,902.00
03/22/2022 09:19:18,909.00
03/22/2022 09:14:18,930.00
03/22/2022 09:09:18,928.00
03/22/2022 09:04:18,836.00
03/22/2022 08:59:18,841.00
03/22/2022 08:54:18,842.00
03/22/2022 08:49:18,854.00
03/22/2022 08:44:18,862.00
03/22/2022 08:39:18,867.00
03/22/2022 08:34:18,890.00
03/22/2022 08:29:18,893.00
03/22/2022 08:24:18,905.00
03/22/2022 08:19:18,908.00
03/22/2022 08:14:18,895.00
03/22/2022 08:09:18,854.00
03/22/2022 08:04:18,857.00
03/22/2022 07:59:18,861.00
03/22/2022 07:54:18,799.00
03/22/2022 07:49:18,724.00
03/22/2022 07:44:18,699.00
03/22/2022 07:39:18,681.00
03/22/2022 07:34:18,656.00
03/22/2022 07:29:18,596.00
03/22/2022 07:24:18,600.00
03/22/2022 07:19:18,606.00
03/22/2022 07:14:18,609.00
03/22/2022 07:09:18,610.00
03/22/2022 07:04:18,620.00
03/22/2022 06:59:18,609.00
03/22/2022 06:54:18,620.00
03/22/2022 06:49:18,638.00
03/22/2022 06:44:18,621.00
03/22/2022 06:39:19,629.00
03/22/2022 06:34:19,629.00
03/22/2022 06:29:19,642.00
03/22/2022 06:24:19,643.00
03/22/2022 06:19:19,652.00
03/22/2022 06:14:19,650.00
03/22/2022 06:09:19,663.00
03/22/2022 06:04:19,666.00
03/22/2022 05:59:19,665.00
03/22/2022 05:54:19,661.00
03/22/2022 05:49:19,672.00
03/22/2022 05:44:19,694.00
03/22/2022 05:39:19,679.00
03/22/2022 05:34:19,693.00
03/22/2022 05:29:19,671.00
03/22/2022 05:24:19,675.00
03/22/2022 05:19:19,680.00
03/22/2022 05:14:19,686.00
03/22/2022 05:09:19,680.00
03/22/2022 05:04:19,693.00
03/22/2022 04:59:19,717.00
03/22/2022 04:54:19,693.00
03/22/2022 04:49:19,697.00
03/22/2022 04:44:19,707.00
03/22/2022 04:39:19,703.00
03/22/2022 04:34:19,709.00
03/22/2022 04:29:19,716.00
03/22/2022 04:24:19,726.00
03/22/2022 04:19:19,726.00
03/22/2022 04:14:19,745.00
03/22/2022 04:09:19,731.00
03/22/2022 04:04:19,739.00
03/22/2022 03:59:19,755.00
03/22/2022 03:54:19,751.00
03/22/2022 03:49:19,765.00
03/22/2022 03:44:19,771.00
03/22/2022 03:39:19,776.00
03/22/2022 03:34:19,775.00
03/22/2022 03:29:19,799.00
03/22/2022 03:24:19,793.00
03/22/2022 03:19:19,794.00
03/22/2022 03:14:19,800.00
03/22/2022 03:09:19,817.00
03/22/2022 03:04:19,824.00
03/22/2022 02:59:19,824.00
03/22/2022 02:54:19,832.00
03/22/2022 02:49:19,834.00
03/22/2022 02:44:19,850.00
03/22/2022 02:39:19,845.00
03/22/2022 02:34:19,858.00
03/22/2022 02:29:19,870.00
03/22/2022 02:24:19,884.00
03/22/2022 02:19:19,886.00
03/22/2022 02:14:19,886.00
03/22/2022 02:09:19,908.00
03/22/2022 02:04:20,922.00
03/22/2022 01:59:20,931.00
03/22/2022 01:54:20,938.00
03/22/2022 01:49:20,939.00
03/22/2022 01:44:20,954.00
03/22/2022 01:39:20,979.00
03/22/2022 01:34:20,973.00
03/22/2022 01:29:20,989.00
03/22/2022 01:24:20,988.00
03/22/2022 01:19:20,1000.00
03/22/2022 01:14:19,1010.00
03/22/2022 01:09:19,1028.00
03/22/2022 01:04:19,1026.00
03/22/2022 00:59:19,1049.00
03/22/2022 00:54:19,1067.00
03/22/2022 00:49:19,1069.00
03/22/2022 00:44:19,1077.00
03/22/2022 00:39:19,1100.00
03/22/2022 00:34:20,1117.00
03/22/2022 00:29:20,1125.00
03/22/2022 00:24:20,1142.00
03/22/2022 00:19:20,1154.00
03/22/2022 00:14:20,1176.00
03/22/2022 00:09:20,1188.00
03/22/2022 00:04:20,1198.00
03/21/2022 23:59:20,1198.00
03/21/2022 23:54:20,1220.00
03/21/2022 23:49:20,1243.00
03/21/2022 23:44:20,1265.00
03/21/2022 23:39:20,1280.00
03/21/2022 23:34:20,1289.00
03/21/2022 23:29:20,1300.00
03/21/2022 23:24:20,1319.00
03/21/2022 23:19:20,1333.00
03/21/2022 23:14:20,1355.00
03/21/2022 23:09:20,1370.00
03/21/2022 23:04:20,1396.00
03/21/2022 22:59:20,1428.00
03/21/2022 22:54:20,1442.00
03/21/2022 22:49:20,1447.00
03/21/2022 22:44:20,1482.00
03/21/2022 22:39:20,1513.00
03/21/2022 22:34:20,1526.00
03/21/2022 22:29:20,1556.00
03/21/2022 22:24:20,1606.00
03/21/2022 22:19:20,1642.00
03/21/2022 22:14:20,1645.00
03/21/2022 22:09:20,1677.00
03/21/2022 22:04:20,1700.00
03/21/2022 21:59:20,1722.00
03/21/2022 21:54:20,1750.00
03/21/2022 21:49:20,1811.00
03/21/2022 21:44:20,1866.00
03/21/2022 21:39:20,1853.00
03/21/2022 21:34:20,1841.00
03/21/2022 21:29:20,1799.00
03/21/2022 21:24:20,1805.00
03/21/2022 21:19:20,1788.00
03/21/2022 21:14:20,1785.00
03/21/2022 21:09:20,1809.00
03/21/2022 21:04:20,1805.00
03/21/2022 20:59:20,1796.00
03/21/2022 20:54:20,1783.00
03/21/2022 20:49:20,1811.00
03/21/2022 20:44:20,1763.00
03/21/2022 20:39:20,1778.00
03/21/2022 20:34:20,1737.00
03/21/2022 20:29:20,1743.00
03/21/2022 20:24:20,1766.00
03/21/2022 20:19:20,1724.00
03/21/2022 20:14:20,1720.00
03/21/2022 20:09:20,1741.00
03/21/2022 20:04:20,1704.00
03/21/2022 19:59:21,1722.00
03/21/2022 19:54:20,1662.00
03/21/2022 19:49:20,1681.00
03/21/2022 19:44:21,1657.00
03/21/2022 19:39:21,1666.00
03/21/2022 19:34:21,1624.00
03/21/2022 19:29:21,1630.00
03/21/2022 19:24:21,1632.00
03/21/2022 19:19:21,1638.00
03/21/2022 19:14:21,1610.00
03/21/2022 19:09:21,1614.00
03/21/2022 19:04:21,1607.00
03/21/2022 18:59:21,1547.00
03/21/2022 18:54:21,1558.00
03/21/2022 18:49:21,1546.00
03/21/2022 18:44:21,1491.00
03/21/2022 18:39:21,1465.00
03/21/2022 18:34:21,1473.00
03/21/2022 18:29:21,1439.00
03/21/2022 18:24:21,1447.00
03/21/2022 18:19:21,1423.00
03/21/2022 18:14:21,1411.00
03/21/2022 18:09:21,1374.00
03/21/2022 18:04:21,1357.00
03/21/2022 17:59:21,1354.00
03/21/2022 17:54:21,1359.00
03/21/2022 17:49:21,1367.00
03/21/2022 17:44:21,1401.00
03/21/2022 17:39:21,1405.00
03/21/2022 17:34:21,1420.00
03/21/2022 17:29:21,1430.00
03/21/2022 17:24:21,1460.00
03/21/2022 17:19:21,1481.00
03/21/2022 17:14:21,1510.00
03/21/2022 17:09:21,1475.00
03/21/2022 17:04:21,1478.00
03/21/2022 16:59:21,1446.00
03/21/2022 16:54:21,1426.00
03/21/2022 16:49:21,1424.00
03/21/2022 16:44:21,1431.00
03/21/2022 16:39:21,1436.00
03/21/2022 16:34:21,1406.00
03/21/2022 16:29:21,1351.00
03/21/2022 16:24:21,1411.00
03/21/2022 16:19:21,1378.00
03/21/2022 16:14:21,1352.00
03/21/2022 16:09:21,1325.00
03/21/2022 16:04:21,1312.00
03/21/2022 15:59:21,1250.00
03/21/2022 15:54:21,1291.00
03/21/2022 15:49:21,1246.00
03/21/2022 15:44:21,1241.00
03/21/2022 15:39:21,1234.00
03/21/2022 15:34:21,1187.00
03/21/2022 15:29:21,1164.00
03/21/2022 15:24:21,1155.00
03/21/2022 15:19:21,1142.00
03/21/2022 15:14:21,1100.00
03/21/2022 15:09:21,1093.00
03/21/2022 15:04:21,1043.00
03/21/2022 14:59:21,1016.00
03/21/2022 14:54:21,998.00
03/21/2022 14:49:21,958.00
03/21/2022 14:44:21,952.00
03/21/2022 14:39:22,927.00
03/21/2022 14:34:21,897.00
03/21/2022 14:29:21,858.00
03/21/2022 14:24:22,837.00
03/21/2022 14:19:22,800.00
03/21/2022 14:14:22,754.00
03/21/2022 14:09:22,716.00
03/21/2022 14:04:22,688.00
03/21/2022 13:59:22,658.00
03/21/2022 13:54:22,624.00
03/21/2022 13:49:22,614.00
03/21/2022 13:44:22,558.00
03/21/2022 13:39:22,499.00
03/21/2022 13:34:22,500.00
03/21/2022 13:29:22,499.00
03/21/2022 13:24:22,490.00
03/21/2022 13:19:22,503.00
03/21/2022 13:14:22,499.00
03/21/2022 13:09:22,503.00
03/21/2022 13:04:22,498.00
03/21/2022 12:59:22,500.00
03/21/2022 12:54:22,499.00
03/21/2022 12:49:22,492.00
03/21/2022 12:44:22,503.00
03/21/2022 12:39:22,502.00
03/21/2022 12:34:22,507.00
03/21/2022 12:29:22,496.00
03/21/2022 12:24:22,500.00
03/21/2022 12:19:22,500.00
03/21/2022 12:14:22,504.00
03/21/2022 12:09:22,501.00
03/21/2022 12:04:22,505.00
03/21/2022 11:59:22,504.00
03/21/2022 11:54:22,503.00
03/21/2022 11:44:22,507.00
03/21/2022 11:39:22,493.00
03/21/2022 11:34:22,508.00
03/21/2022 11:29:22,503.00
03/21/2022 11:24:22,511.00
03/21/2022 11:19:22,501.00
03/21/2022 11:14:22,501.00
03/21/2022 11:09:22,507.00
03/21/2022 11:04:22,517.00
03/21/2022 10:59:22,508.00
03/21/2022 10:54:22,520.00
03/21/2022 10:49:22,509.00
03/21/2022 10:39:22,513.00
03/21/2022 10:34:22,512.00
03/21/2022 10:29:22,527.00
03/21/2022 10:24:22,513.00
03/21/2022 10:19:22,514.00
03/21/2022 10:14:22,515.00
03/21/2022 10:09:22,518.00
03/21/2022 10:04:22,513.00
03/21/2022 09:59:22,522.00
03/21/2022 09:54:22,515.00
03/21/2022 09:49:22,521.00
03/21/2022 09:44:22,525.00
03/21/2022 09:39:22,530.00
03/21/2022 09:34:22,534.00
03/21/2022 09:29:22,519.00
03/21/2022 09:24:22,528.00
03/21/2022 09:19:22,530.00
03/21/2022 09:14:22,532.00
03/21/2022 09:09:22,534.00
03/21/2022 09:04:22,532.00
03/21/2022 08:59:22,536.00
03/21/2022 08:54:22,544.00
03/21/2022 08:49:22,537.00
03/21/2022 08:44:22,535.00
03/21/2022 08:39:22,549.00
03/21/2022 08:34:22,551.00
03/21/2022 08:29:22,554.00
03/21/2022 08:24:23,557.00
03/21/2022 08:19:23,562.00
03/21/2022 08:14:23,564.00
03/21/2022 08:09:23,559.00
03/21/2022 08:04:23,569.00
03/21/2022 07:59:23,565.00
03/21/2022 07:54:23,572.00
03/21/2022 07:49:23,574.00
03/21/2022 07:44:23,583.00
03/21/2022 07:39:23,578.00
03/21/2022 07:34:23,585.00
03/21/2022 07:29:23,585.00
03/21/2022 07:24:23,587.00
03/21/2022 07:19:23,592.00
03/21/2022 07:14:23,600.00
03/21/2022 07:09:23,597.00
03/21/2022 07:04:23,613.00
03/21/2022 06:59:23,636.00
03/21/2022 06:54:23,565.00
03/21/2022 06:49:23,568.00
03/21/2022 06:44:23,566.00
03/21/2022 06:39:23,577.00
03/21/2022 06:34:23,584.00
03/21/2022 06:29:23,582.00
03/21/2022 06:24:23,587.00
03/21/2022 06:19:23,594.00
03/21/2022 06:14:23,601.00
03/21/2022 06:09:23,598.00
03/21/2022 06:04:23,603.00
03/21/2022 05:59:23,612.00
03/21/2022 05:54:23,618.00
03/21/2022 05:49:23,622.00
03/21/2022 05:44:23,611.00
03/21/2022 05:39:23,621.00
03/21/2022 05:34:23,619.00
03/21/2022 05:29:23,601.00
03/21/2022 05:24:23,609.00
03/21/2022 05:19:23,628.00
03/21/2022 05:14:23,612.00
03/21/2022 05:09:23,602.00
03/21/2022 05:04:23,613.00
03/21/2022 04:59:23,613.00
03/21/2022 04:54:23,602.00
03/21/2022 04:49:23,605.00
03/21/2022 04:44:23,609.00
03/21/2022 04:39:23,621.00
03/21/2022 04:34:23,621.00
03/21/2022 04:29:23,627.00
03/21/2022 04:24:23,668.00
03/21/2022 04:19:23,612.00
03/21/2022 04:14:23,600.00
03/21/2022 04:09:23,599.00
03/21/2022 04:04:23,580.00
03/21/2022 03:59:23,587.00
03/21/2022 03:54:23,595.00
03/21/2022 03:49:23,604.00
03/21/2022 03:44:23,598.00
03/21/2022 03:39:23,600.00
03/21/2022 03:34:23,606.00
03/21/2022 03:29:23,606.00
03/21/2022 03:24:23,620.00
03/21/2022 03:19:23,612.00
03/21/2022 03:14:23,625.00
03/21/2022 03:09:23,630.00
03/21/2022 03:04:23,626.00
03/21/2022 02:59:23,636.00
03/21/2022 02:54:23,637.00
03/21/2022 02:49:24,637.00
03/21/2022 02:44:24,646.00
03/21/2022 02:39:24,649.00
03/21/2022 02:34:24,653.00
03/21/2022 02:29:24,658.00
03/21/2022 02:24:24,655.00
03/21/2022 02:19:24,668.00
03/21/2022 02:14:24,674.00
03/21/2022 02:09:24,673.00
03/21/2022 02:04:24,690.00
03/21/2022 01:59:24,692.00
03/21/2022 01:54:24,694.00
03/21/2022 01:49:24,693.00
03/21/2022 01:44:24,698.00
03/21/2022 01:39:24,707.00
03/21/2022 01:34:24,712.00
03/21/2022 01:29:24,725.00
03/21/2022 01:24:24,724.00
03/21/2022 01:19:24,724.00
03/21/2022 01:14:24,740.00
03/21/2022 01:09:24,744.00
03/21/2022 01:04:24,750.00
03/21/2022 00:59:24,751.00
03/21/2022 00:54:24,772.00
03/21/2022 00:49:24,775.00
03/21/2022 00:44:24,778.00
03/21/2022 00:39:24,786.00
03/21/2022 00:34:24,808.00
03/21/2022 00:29:24,806.00
03/21/2022 00:24:24,813.00
03/21/2022 00:19:24,829.00
03/21/2022 00:14:24,842.00
03/21/2022 00:09:24,845.00
03/21/2022 00:04:24,857.00
03/20/2022 23:59:24,871.00
03/20/2022 23:54:24,877.00
03/20/2022 23:49:24,889.00
03/20/2022 23:44:24,902.00
03/20/2022 23:39:24,915.00
03/20/2022 23:34:24,917.00
03/20/2022 23:29:24,931.00
03/20/2022 23:19:24,954.00
03/20/2022 23:14:24,968.00
03/20/2022 23:09:24,999.00
03/20/2022 23:04:24,992.00
03/20/2022 22:59:24,993.00
03/20/2022 22:54:24,1005.00
03/20/2022 22:49:24,1032.00
03/20/2022 22:44:24,1036.00
03/20/2022 22:39:24,1057.00
03/20/2022 22:34:24,1082.00
03/20/2022 22:29:24,1100.00
03/20/2022 22:24:24,1106.00
03/20/2022 22:19:24,1124.00
03/20/2022 22:14:24,1134.00
03/20/2022 22:09:24,1167.00
03/20/2022 22:04:24,1197.00
03/20/2022 21:59:24,1215.00
03/20/2022 21:54:24,1226.00
03/20/2022 21:49:24,1248.00
03/20/2022 21:44:24,1257.00
03/20/2022 21:39:24,1286.00
03/20/2022 21:34:24,1286.00
03/20/2022 21:29:24,1312.00
03/20/2022 21:24:24,1337.00
03/20/2022 21:19:25,1362.00
03/20/2022 21:14:24,1390.00
03/20/2022 21:09:24,1408.00
03/20/2022 21:04:24,1424.00
03/20/2022 20:59:24,1461.00
03/20/2022 20:54:24,1492.00
03/20/2022 20:49:25,1506.00
03/20/2022 20:44:25,1539.00
03/20/2022 20:39:25,1564.00
03/20/2022 20:34:25,1616.00
03/20/2022 20:29:25,1654.00
03/20/2022 20:24:25,1664.00
03/20/2022 20:19:25,1792.00
03/20/2022 20:14:25,1850.00
03/20/2022 20:09:25,1833.00
03/20/2022 20:04:25,1850.00
03/20/2022 19:59:25,1805.00
03/20/2022 19:54:25,1804.00
03/20/2022 19:49:25,1854.00
03/20/2022 19:44:25,1795.00
03/20/2022 19:39:25,1816.00
03/20/2022 19:34:25,1803.00
03/20/2022 19:29:25,1817.00
03/20/2022 19:24:25,1777.00
03/20/2022 19:19:25,1774.00
03/20/2022 19:14:25,1784.00
03/20/2022 19:09:25,1773.00
03/20/2022 19:04:25,1779.00
03/20/2022 18:59:25,1774.00
03/20/2022 18:54:25,1768.00
03/20/2022 18:49:25,1776.00
03/20/2022 18:44:25,1741.00
03/20/2022 18:39:25,1692.00
03/20/2022 18:34:25,1702.00
03/20/2022 18:29:25,1694.00
03/20/2022 18:24:25,1686.00
03/20/2022 18:19:25,1684.00
03/20/2022 18:14:25,1681.00
03/20/2022 18:09:25,1686.00
03/20/2022 18:04:25,1635.00
03/20/2022 17:59:25,1585.00
03/20/2022 17:54:25,1621.00
03/20/2022 17:49:25,1663.00
03/20/2022 17:44:25,1679.00
03/20/2022 17:39:25,1667.00
03/20/2022 17:34:25,1669.00
03/20/2022 17:29:25,1664.00
03/20/2022 17:24:25,1650.00
03/20/2022 17:19:25,1657.00
03/20/2022 17:14:25,1583.00
03/20/2022 17:09:25,1599.00
03/20/2022 17:04:25,1615.00
03/20/2022 16:59:25,1689.00
03/20/2022 16:54:25,1618.00
03/20/2022 16:49:25,1624.00
03/20/2022 16:44:25,1612.00
03/20/2022 16:39:25,1644.00
03/20/2022 16:34:25,1593.00
03/20/2022 16:29:25,1581.00
03/20/2022 16:24:25,1522.00
03/20/2022 16:19:25,1530.00
03/20/2022 16:14:25,1526.00
03/20/2022 16:09:25,1593.00
03/20/2022 16:04:25,1567.00
03/20/2022 15:59:26,1537.00
03/20/2022 15:54:25,1502.00
03/20/2022 15:49:25,1442.00
03/20/2022 15:44:25,1419.00
03/20/2022 15:39:25,1439.00
03/20/2022 15:34:26,1381.00
03/20/2022 15:29:26,1390.00
03/20/2022 15:24:26,1371.00
03/20/2022 15:19:26,1324.00
03/20/2022 15:14:26,1371.00
03/20/2022 15:09:26,1352.00
03/20/2022 15:04:26,1254.00
03/20/2022 14:59:26,1243.00
03/20/2022 14:54:26,1254.00
03/20/2022 14:49:26,1192.00
03/20/2022 14:44:26,1136.00
03/20/2022 14:39:26,1149.00
03/20/2022 14:34:26,1100.00
03/20/2022 14:29:26,1078.00
03/20/2022 14:19:26,1020.00
03/20/2022 14:14:26,1005.00
03/20/2022 14:09:26,948.00
03/20/2022 14:04:26,940.00
03/20/2022 13:59:26,878.00
03/20/2022 13:54:26,878.00
03/20/2022 13:49:26,854.00
03/20/2022 13:44:26,873.00
03/20/2022 13:39:26,1191.00
03/20/2022 13:34:26,1189.00
03/20/2022 13:29:26,1151.00
03/20/2022 13:24:26,1114.00
03/20/2022 13:19:26,1201.00
03/20/2022 13:14:26,1194.00
03/20/2022 13:09:26,1188.00
03/20/2022 13:04:26,1169.00
03/20/2022 12:59:26,1165.00
03/20/2022 12:54:26,1156.00
03/20/2022 12:49:26,1141.00
03/20/2022 12:44:26,1129.00
03/20/2022 12:39:26,1142.00
03/20/2022 12:34:26,1116.00
03/20/2022 12:29:26,1108.00
03/20/2022 12:24:26,1088.00
03/20/2022 12:19:26,1050.00
03/20/2022 12:14:26,1057.00
03/20/2022 12:09:26,1037.00
03/20/2022 12:04:26,1034.00
03/20/2022 11:59:26,969.00
03/20/2022 11:54:26,981.00
03/20/2022 11:49:26,935.00
03/20/2022 11:44:26,929.00
03/20/2022 11:39:26,916.00
03/20/2022 11:34:26,909.00
03/20/2022 11:29:26,906.00
03/20/2022 11:24:26,885.00
03/20/2022 11:19:26,888.00
03/20/2022 11:14:26,896.00
03/20/2022 11:09:26,886.00
03/20/2022 11:04:26,863.00
03/20/2022 10:59:26,826.00
03/20/2022 10:54:26,844.00
03/20/2022 10:49:26,813.00
03/20/2022 10:44:26,818.00
03/20/2022 10:39:27,805.00
03/20/2022 10:34:27,795.00
03/20/2022 10:29:27,730.00
03/20/2022 10:24:27,758.00
03/20/2022 10:19:27,753.00
03/20/2022 10:14:27,812.00
03/20/2022 10:09:27,746.00
03/20/2022 10:04:27,811.00
03/20/2022 09:59:27,795.00
03/20/2022 09:54:27,719.00
03/20/2022 09:49:27,701.00
03/20/2022 09:44:27,692.00
03/20/2022 09:39:27,676.00
03/20/2022 09:34:27,672.00
03/20/2022 09:29:27,660.00
03/20/2022 09:24:27,662.00
03/20/2022 09:19:27,620.00
03/20/2022 09:14:27,629.00
03/20/2022 09:09:27,640.00
03/20/2022 09:04:27,646.00
03/20/2022 08:59:27,671.00
03/20/2022 08:54:27,683.00
03/20/2022 08:49:27,706.00
03/20/2022 08:44:27,713.00
03/20/2022 08:39:27,719.00
03/20/2022 08:34:27,689.00
03/20/2022 08:29:27,683.00
03/20/2022 08:24:27,663.00
03/20/2022 08:19:27,665.00
03/20/2022 08:14:27,701.00
03/20/2022 08:09:27,673.00
03/20/2022 08:04:27,702.00
03/20/2022 07:59:27,718.00
03/20/2022 07:54:27,721.00
03/20/2022 07:49:27,699.00
03/20/2022 07:44:27,683.00
03/20/2022 07:39:27,643.00
03/20/2022 07:34:27,620.00
03/20/2022 07:29:27,611.00
03/20/2022 07:24:27,592.00
03/20/2022 07:19:27,589.00
03/20/2022 07:14:27,586.00
03/20/2022 07:09:27,588.00
03/20/2022 07:04:27,582.00
03/20/2022 06:59:27,581.00
03/20/2022 06:54:27,589.00
03/20/2022 06:49:27,592.00
03/20/2022 06:44:27,589.00
03/20/2022 06:39:27,599.00
03/20/2022 06:34:27,608.00
03/20/2022 06:29:27,625.00
03/20/2022 06:24:27,615.00
03/20/2022 06:19:27,633.00
03/20/2022 06:14:27,637.00
03/20/2022 06:09:27,645.00
03/20/2022 06:04:27,650.00
03/20/2022 05:59:27,656.00
03/20/2022 05:54:27,658.00
03/20/2022 05:49:27,660.00
03/20/2022 05:44:27,669.00
03/20/2022 05:39:27,669.00
03/20/2022 05:34:27,686.00
03/20/2022 05:29:27,685.00
03/20/2022 05:24:27,689.00
03/20/2022 05:19:27,696.00
03/20/2022 05:14:27,705.00
03/20/2022 05:09:27,714.00
03/20/2022 05:04:27,721.00
03/20/2022 04:59:27,733.00
03/20/2022 04:54:27,731.00
03/20/2022 04:49:27,745.00
03/20/2022 04:44:27,767.00
03/20/2022 04:39:27,757.00
03/20/2022 04:34:27,775.00
03/20/2022 04:29:27,797.00
03/20/2022 04:24:27,795.00
03/20/2022 04:19:27,805.00
03/20/2022 04:14:27,815.00
03/20/2022 04:09:27,838.00
03/20/2022 04:04:27,841.00
03/20/2022 03:59:28,856.00
03/20/2022 03:54:28,867.00
03/20/2022 03:49:28,873.00
03/20/2022 03:44:28,895.00
03/20/2022 03:39:28,900.00
03/20/2022 03:34:28,910.00
03/20/2022 03:29:28,928.00
03/20/2022 03:24:28,933.00
03/20/2022 03:19:28,933.00
03/20/2022 03:14:28,958.00
03/20/2022 03:09:28,984.00
03/20/2022 03:04:28,980.00
03/20/2022 02:59:28,1004.00
03/20/2022 02:54:28,1013.00
03/20/2022 02:49:28,1029.00
03/20/2022 02:44:28,1045.00
03/20/2022 02:39:28,1062.00
03/20/2022 02:34:28,1092.00
03/20/2022 02:29:28,1099.00
03/20/2022 02:24:28,1118.00
03/20/2022 02:19:28,1133.00
03/20/2022 02:14:28,1157.00
03/20/2022 02:09:28,1178.00
03/20/2022 02:04:28,1187.00
03/20/2022 01:59:28,1205.00
03/20/2022 01:54:28,1230.00
03/20/2022 01:49:28,1251.00
03/20/2022 01:44:28,1282.00
03/20/2022 01:39:28,1296.00
03/20/2022 01:34:28,1326.00
03/20/2022 01:29:28,1343.00
03/20/2022 01:24:28,1372.00
03/20/2022 01:19:28,1394.00
03/20/2022 01:14:28,1408.00
03/20/2022 01:09:28,1442.00
03/20/2022 01:04:28,1468.00
03/20/2022 00:59:28,1503.00
03/20/2022 00:54:28,1553.00
03/20/2022 00:49:28,1581.00
03/20/2022 00:44:28,1613.00
03/20/2022 00:39:28,1638.00
03/20/2022 00:34:28,1653.00
03/20/2022 00:29:28,1710.00
03/20/2022 00:24:28,1714.00
03/20/2022 00:19:28,1690.00
03/20/2022 00:14:28,1715.00
03/20/2022 00:09:28,1721.00
03/20/2022 00:04:28,1782.00
03/19/2022 23:59:29,1742.00
03/19/2022 23:54:28,1747.00
03/19/2022 23:49:28,1767.00
03/19/2022 23:44:28,1724.00
03/19/2022 23:39:28,1772.00
03/19/2022 23:34:28,1752.00
03/19/2022 23:24:28,1681.00
03/19/2022 23:19:29,1693.00
03/19/2022 23:14:29,1688.00
03/19/2022 23:09:29,1642.00
03/19/2022 23:04:29,1619.00
03/19/2022 22:59:28,1599.00
03/19/2022 22:54:28,1638.00
03/19/2022 22:49:28,1610.00
03/19/2022 22:44:29,1580.00
03/19/2022 22:39:29,1549.00
03/19/2022 22:34:29,1555.00
03/19/2022 22:29:29,1491.00
03/19/2022 22:24:29,1451.00
03/19/2022 22:19:29,1432.00
03/19/2022 22:14:29,1438.00
03/19/2022 22:09:29,1429.00
03/19/2022 22:04:29,1412.00
03/19/2022 21:59:29,1429.00
03/19/2022 21:54:29,1420.00
03/19/2022 21:49:29,1406.00
03/19/2022 21:44:29,1380.00
03/19/2022 21:39:29,1378.00
03/19/2022 21:34:29,1372.00
03/19/2022 21:29:29,1344.00
03/19/2022 21:24:29,1317.00
03/19/2022 21:19:29,1373.00
03/19/2022 21:14:29,1251.00
03/19/2022 21:09:29,1213.00
03/19/2022 21:04:29,1213.00
03/19/2022 20:59:29,1162.00
03/19/2022 20:54:29,1135.00
03/19/2022 20:49:29,1115.00
03/19/2022 20:44:29,1133.00
03/19/2022 20:39:29,1104.00
03/19/2022 20:34:29,1054.00
03/19/2022 20:29:29,1033.00
03/19/2022 20:24:29,1019.00
03/19/2022 20:19:29,967.00
03/19/2022 20:14:29,967.00
03/19/2022 20:09:29,910.00
03/19/2022 20:04:29,877.00
03/19/2022 19:59:29,876.00
03/19/2022 19:54:29,823.00
03/19/2022 19:49:29,829.00
03/19/2022 19:44:29,835.00
03/19/2022 19:39:29,835.00
03/19/2022 19:34:29,853.00
03/19/2022 19:29:29,853.00
03/19/2022 19:24:29,862.00
03/19/2022 19:19:29,873.00
03/19/2022 19:14:29,880.00
03/19/2022 19:09:29,857.00
03/19/2022 19:04:29,854.00
03/19/2022 18:59:29,836.00
03/19/2022 18:54:29,805.00
03/19/2022 18:49:29,776.00
03/19/2022 18:44:29,748.00
03/19/2022 18:39:30,711.00
03/19/2022 18:34:30,676.00
03/19/2022 18:29:30,648.00
03/19/2022 18:24:30,631.00
03/19/2022 18:19:30,588.00
03/19/2022 18:14:30,568.00
03/19/2022 18:09:30,519.00
03/19/2022 18:04:30,500.00
03/19/2022 17:59:30,497.00
03/19/2022 17:54:30,490.00
03/19/2022 17:14:30,481.00
03/19/2022 17:09:30,490.00
03/19/2022 17:04:30,478.00
03/19/2022 16:59:30,479.00
03/19/2022 16:54:30,468.00
03/19/2022 16:49:30,474.00
03/19/2022 16:44:30,478.00
03/19/2022 16:39:30,477.00
03/19/2022 16:34:30,479.00
03/19/2022 16:29:30,475.00
03/19/2022 16:24:30,485.00
03/19/2022 16:19:30,481.00
03/19/2022 16:14:30,476.00
03/19/2022 16:09:30,496.00
03/19/2022 16:04:30,498.00
03/19/2022 15:59:30,497.00
03/19/2022 15:54:30,505.00
03/19/2022 15:49:30,503.00
03/19/2022 15:44:30,508.00
03/19/2022 15:39:30,505.00
03/19/2022 15:34:30,516.00
03/19/2022 15:29:30,521.00
03/19/2022 15:24:30,530.00
03/19/2022 15:19:30,516.00
03/19/2022 15:14:30,511.00
03/19/2022 15:09:30,512.00
03/19/2022 15:04:30,524.00
03/19/2022 14:59:30,514.00
03/19/2022 14:54:30,518.00
03/19/2022 14:49:30,525.00
03/19/2022 14:44:30,525.00
03/19/2022 14:39:30,527.00
03/19/2022 14:34:30,535.00
03/19/2022 14:29:30,542.00
03/19/2022 14:24:30,546.00
03/19/2022 14:19:30,556.00
03/19/2022 14:14:30,557.00
03/19/2022 14:09:30,558.00
03/19/2022 14:04:30,565.00
03/19/2022 13:59:30,562.00
03/19/2022 13:54:30,580.00
03/19/2022 13:49:30,573.00
03/19/2022 13:44:30,591.00
03/19/2022 13:39:30,604.00
03/19/2022 13:34:30,601.00
03/19/2022 13:29:30,629.00
03/19/2022 13:24:30,560.00
03/19/2022 13:19:30,572.00
03/19/2022 13:14:30,559.00
03/19/2022 13:09:30,577.00
03/19/2022 13:04:30,598.00
03/19/2022 12:59:30,612.00
03/19/2022 12:54:30,611.00
03/19/2022 12:49:30,619.00
03/19/2022 12:44:30,643.00
03/19/2022 12:39:30,535.00
03/19/2022 12:29:30,468.00
03/19/2022 12:19:30,469.00
03/19/2022 12:14:30,465.00
03/19/2022 12:09:30,483.00
03/19/2022 12:04:30,485.00
03/19/2022 11:59:30,485.00
03/19/2022 11:54:31,488.00
03/19/2022 11:49:30,492.00
03/19/2022 11:44:30,489.00
03/19/2022 11:39:30,504.00
03/19/2022 11:34:31,507.00
03/19/2022 11:29:31,499.00
03/19/2022 11:24:31,509.00
03/19/2022 11:19:31,514.00
03/19/2022 11:14:31,521.00
03/19/2022 11:09:31,514.00
03/19/2022 11:04:31,522.00
03/19/2022 10:59:31,535.00
03/19/2022 10:54:31,533.00
03/19/2022 10:49:31,538.00
03/19/2022 10:44:31,536.00
03/19/2022 10:39:31,545.00
03/19/2022 10:34:31,549.00
03/19/2022 10:29:31,551.00
03/19/2022 10:24:31,561.00
03/19/2022 10:19:31,565.00
03/19/2022 10:14:31,560.00
03/19/2022 10:09:31,575.00
03/19/2022 10:04:31,570.00
03/19/2022 09:59:31,575.00
03/19/2022 09:54:31,578.00
03/19/2022 09:49:31,586.00
03/19/2022 09:44:31,592.00
03/19/2022 09:39:31,597.00
03/19/2022 09:34:31,598.00
03/19/2022 09:29:31,607.00
03/19/2022 09:24:31,618.00
03/19/2022 09:19:31,616.00
03/19/2022 09:14:31,625.00
03/19/2022 09:09:31,629.00
03/19/2022 09:04:31,630.00
03/19/2022 08:59:31,647.00
03/19/2022 08:54:31,633.00
03/19/2022 08:49:31,634.00
03/19/2022 08:44:31,644.00
03/19/2022 08:39:31,648.00
03/19/2022 08:34:31,655.00
03/19/2022 08:29:31,667.00
03/19/2022 08:24:31,675.00
03/19/2022 08:19:31,676.00
03/19/2022 08:14:31,682.00
03/19/2022 08:09:31,687.00
03/19/2022 08:04:31,688.00
03/19/2022 07:59:31,693.00
03/19/2022 07:54:31,706.00
03/19/2022 07:49:31,701.00
03/19/2022 07:44:31,717.00
03/19/2022 07:39:31,719.00
03/19/2022 07:34:31,720.00
03/19/2022 07:29:31,738.00
03/19/2022 07:24:31,748.00
03/19/2022 07:19:31,753.00
03/19/2022 07:14:31,770.00
03/19/2022 07:09:31,776.00
03/19/2022 07:04:31,781.00
03/19/2022 06:59:31,795.00
03/19/2022 06:54:31,808.00
03/19/2022 06:49:31,768.00
03/19/2022 06:44:31,787.00
03/19/2022 06:39:31,789.00
03/19/2022 06:34:32,745.00
03/19/2022 06:29:31,829.00
03/19/2022 06:24:32,482.00
03/19/2022 06:19:32,530.00
03/19/2022 06:14:32,478.00
03/19/2022 06:09:32,529.00
03/19/2022 06:04:32,437.00
03/19/2022 05:59:32,444.00
03/19/2022 05:54:32,450.00
03/19/2022 05:49:32,437.00
03/19/2022 05:44:32,436.00
03/19/2022 05:39:32,444.00
03/19/2022 05:34:32,440.00
03/19/2022 05:29:32,439.00
03/19/2022 05:24:32,448.00
03/19/2022 05:19:32,448.00
03/19/2022 05:14:32,456.00
03/19/2022 05:09:32,451.00
03/19/2022 05:04:32,458.00
03/19/2022 04:59:32,453.00
03/19/2022 04:54:32,462.00
03/19/2022 04:49:32,462.00
03/19/2022 04:44:32,468.00
03/19/2022 04:39:32,468.00
03/19/2022 04:34:32,466.00
03/19/2022 04:29:32,468.00
03/19/2022 04:24:32,468.00
03/19/2022 04:19:32,478.00
03/19/2022 04:14:32,481.00
03/19/2022 04:09:32,487.00
03/19/2022 04:04:32,495.00
03/19/2022 03:59:32,484.00
03/19/2022 03:54:32,490.00
03/19/2022 03:49:32,498.00
03/19/2022 03:44:32,497.00
03/19/2022 03:39:32,498.00
03/19/2022 03:34:32,507.00
03/19/2022 03:29:32,512.00
03/19/2022 03:24:32,517.00
03/19/2022 03:19:32,516.00
03/19/2022 03:14:32,515.00
03/19/2022 03:09:32,526.00
03/19/2022 03:04:32,527.00
03/19/2022 02:59:32,529.00
03/19/2022 02:54:32,539.00
03/19/2022 02:49:32,543.00
03/19/2022 02:44:32,546.00
03/19/2022 02:39:32,542.00
03/19/2022 02:34:32,549.00
03/19/2022 02:29:32,550.00
03/19/2022 02:24:32,563.00
03/19/2022 02:19:32,567.00
03/19/2022 02:14:32,562.00
03/19/2022 02:09:32,569.00
03/19/2022 02:04:32,585.00
03/19/2022 01:59:32,584.00
03/19/2022 01:54:32,593.00
03/19/2022 01:49:32,599.00
03/19/2022 01:44:32,594.00
03/19/2022 01:39:32,605.00
03/19/2022 01:34:32,610.00
03/19/2022 01:29:32,608.00
03/19/2022 01:24:32,619.00
03/19/2022 01:19:32,626.00
03/19/2022 01:14:32,630.00
03/19/2022 01:09:32,634.00
03/19/2022 01:04:32,642.00
03/19/2022 00:59:32,650.00
03/19/2022 00:54:32,651.00
03/19/2022 00:49:32,662.00
03/19/2022 00:44:32,668.00
03/19/2022 00:39:32,675.00
03/19/2022 00:34:32,677.00
03/19/2022 00:29:32,693.00
03/19/2022 00:24:32,693.00
03/19/2022 00:19:32,695.00
03/19/2022 00:14:32,709.00
03/19/2022 00:09:33,714.00
03/19/2022 00:04:33,721.00
03/18/2022 23:59:33,731.00
03/18/2022 23:54:33,714.00
03/18/2022 23:49:33,727.00
03/18/2022 23:44:33,740.00
03/18/2022 23:39:33,773.00
03/18/2022 23:34:33,782.00
03/18/2022 23:29:33,798.00
03/18/2022 23:24:33,798.00
03/18/2022 23:19:33,802.00
03/18/2022 23:14:33,819.00
03/18/2022 23:09:33,809.00
03/18/2022 23:04:33,827.00
03/18/2022 22:59:33,842.00
03/18/2022 22:54:33,862.00
03/18/2022 22:49:33,877.00
03/18/2022 22:44:33,896.00
03/18/2022 22:39:33,903.00
03/18/2022 22:34:33,915.00
03/18/2022 22:29:33,924.00
03/18/2022 22:24:33,948.00
03/18/2022 22:19:33,954.00
03/18/2022 22:14:33,970.00
03/18/2022 22:09:33,989.00
03/18/2022 22:04:33,1024.00
03/18/2022 21:59:33,1023.00
03/18/2022 21:54:33,1045.00
03/18/2022 21:49:33,1004.00
03/18/2022 21:44:33,935.00
03/18/2022 21:39:33,926.00
03/18/2022 21:34:33,946.00
03/18/2022 21:29:33,871.00
03/18/2022 21:24:33,854.00
03/18/2022 21:19:33,817.00
03/18/2022 21:14:33,790.00
03/18/2022 21:09:33,751.00
03/18/2022 21:04:33,725.00
03/18/2022 20:59:33,699.00
03/18/2022 20:54:33,719.00
03/18/2022 20:49:33,699.00
03/18/2022 20:44:33,715.00
03/18/2022 20:39:33,640.00
03/18/2022 20:34:33,641.00
03/18/2022 20:29:33,589.00
03/18/2022 20:24:33,591.00
03/18/2022 20:19:33,610.00
03/18/2022 20:14:33,613.00
03/18/2022 20:09:33,613.00
03/18/2022 20:04:33,624.00
03/18/2022 19:59:33,617.00
03/18/2022 19:54:33,631.00
03/18/2022 19:49:33,627.00
03/18/2022 19:44:33,640.00
03/18/2022 19:39:33,645.00
03/18/2022 19:34:33,655.00
03/18/2022 19:29:33,655.00
03/18/2022 19:24:33,664.00
03/18/2022 19:19:33,663.00
03/18/2022 19:14:33,669.00
03/18/2022 19:09:33,669.00
03/18/2022 19:04:33,690.00
03/18/2022 18:59:33,595.00
03/18/2022 18:54:33,473.00
03/18/2022 18:49:34,457.00
03/18/2022 18:44:34,454.00
03/18/2022 18:39:34,456.00
03/18/2022 18:34:34,454.00
03/18/2022 18:29:34,447.00
03/18/2022 18:24:34,449.00
03/18/2022 18:19:34,457.00
03/18/2022 18:14:34,461.00
03/18/2022 18:09:34,460.00
03/18/2022 18:04:34,444.00
03/18/2022 17:59:34,475.00
03/18/2022 17:54:34,448.00
03/18/2022 17:49:34,476.00
03/18/2022 17:44:34,557.00
03/18/2022 17:39:34,498.00
03/18/2022 17:34:34,513.00
03/18/2022 17:29:34,523.00
03/18/2022 17:24:34,534.00
03/18/2022 17:19:34,560.00
03/18/2022 17:14:34,562.00
03/18/2022 17:09:34,599.00
03/18/2022 17:04:34,634.00
03/18/2022 16:59:34,662.00
03/18/2022 16:54:34,697.00
03/18/2022 16:49:34,912.00
03/18/2022 16:44:34,939.00
03/18/2022 16:39:34,1048.00
03/18/2022 16:34:34,1149.00
03/18/2022 16:29:34,1238.00
03/18/2022 16:24:34,1215.00
03/18/2022 16:19:34,1185.00
03/18/2022 16:14:34,1487.00
03/18/2022 16:09:34,1524.00
03/18/2022 16:04:34,1758.00
03/18/2022 15:59:34,1749.00
03/18/2022 15:54:34,1904.00
03/18/2022 15:49:34,1837.00
03/18/2022 15:44:34,1875.00
03/18/2022 15:39:34,1840.00
03/18/2022 15:34:34,1829.00
03/18/2022 15:29:34,1803.00
03/18/2022 15:19:34,1759.00
03/18/2022 15:14:34,1751.00
03/18/2022 15:09:34,1724.00
03/18/2022 15:04:34,1654.00
03/18/2022 14:59:34,1632.00
03/18/2022 14:54:34,1582.00
03/18/2022 14:49:34,1579.00
03/18/2022 14:44:34,1598.00
03/18/2022 14:39:34,1496.00
03/18/2022 14:34:34,1428.00
03/18/2022 14:29:34,1408.00
03/18/2022 14:24:34,1392.00
03/18/2022 14:19:34,1381.00
03/18/2022 14:14:34,1358.00
03/18/2022 14:09:34,1313.00
03/18/2022 14:04:34,1321.00
03/18/2022 13:59:34,1317.00
03/18/2022 13:54:34,1296.00
03/18/2022 13:49:34,1269.00
03/18/2022 13:44:34,1270.00
03/18/2022 13:39:34,1188.00
03/18/2022 13:34:34,1127.00
03/18/2022 13:29:34,1114.00
03/18/2022 13:24:34,1083.00
03/18/2022 13:19:35,1029.00
03/18/2022 13:14:35,960.00
03/18/2022 13:09:35,945.00
03/18/2022 13:04:35,903.00
03/18/2022 12:59:35,860.00
03/18/2022 12:54:35,813.00
03/18/2022 12:49:35,770.00
03/18/2022 12:44:35,753.00
03/18/2022 12:39:35,754.00
03/18/2022 12:34:35,699.00
03/18/2022 12:29:35,682.00
03/18/2022 12:24:35,639.00
03/18/2022 12:19:35,615.00
03/18/2022 12:14:35,586.00
03/18/2022 12:09:35,551.00
03/18/2022 12:04:35,521.00
03/18/2022 11:59:35,503.00
03/18/2022 11:54:35,436.00
03/18/2022 11:49:35,443.00
03/18/2022 11:44:35,396.00
03/18/2022 11:39:35,380.00
03/18/2022 11:34:35,380.00
03/18/2022 11:29:35,380.00
03/18/2022 11:24:35,382.00
03/18/2022 11:19:35,388.00
03/18/2022 11:14:35,387.00
03/18/2022 11:09:35,379.00
03/18/2022 11:04:35,385.00
03/18/2022 10:59:35,384.00
03/18/2022 10:54:35,385.00
03/18/2022 10:49:35,391.00
03/18/2022 10:44:35,383.00
03/18/2022 10:39:35,389.00
03/18/2022 10:34:35,384.00
03/18/2022 10:29:35,388.00
03/18/2022 10:24:35,387.00
03/18/2022 10:19:35,391.00
03/18/2022 10:14:35,392.00
03/18/2022 10:09:35,392.00
03/18/2022 10:04:35,394.00
03/18/2022 09:59:35,393.00
03/18/2022 09:54:35,396.00
03/18/2022 09:49:35,397.00
03/18/2022 09:44:35,391.00
03/18/2022 09:39:35,392.00
03/18/2022 09:34:35,400.00
03/18/2022 09:29:35,395.00
03/18/2022 09:24:35,400.00
03/18/2022 09:19:35,403.00
03/18/2022 09:14:35,409.00
03/18/2022 09:09:35,410.00
03/18/2022 09:04:35,404.00
03/18/2022 08:59:35,412.00
03/18/2022 08:54:35,409.00
03/18/2022 08:49:35,410.00
03/18/2022 08:44:35,414.00
03/18/2022 08:39:35,411.00
03/18/2022 08:34:35,420.00
03/18/2022 08:29:35,428.00
03/18/2022 08:24:35,420.00
03/18/2022 08:19:35,424.00
03/18/2022 08:14:35,420.00
03/18/2022 08:09:35,424.00
03/18/2022 08:04:35,410.00
03/18/2022 07:59:35,421.00
03/18/2022 07:54:36,417.00
03/18/2022 07:49:35,427.00
03/18/2022 07:44:35,430.00
03/18/2022 07:39:35,431.00
03/18/2022 07:34:36,430.00
03/18/2022 07:29:36,431.00
03/18/2022 07:24:36,430.00
03/18/2022 07:19:36,436.00
03/18/2022 07:14:36,441.00
03/18/2022 07:09:36,435.00
03/18/2022 07:04:36,429.00
03/18/2022 06:59:36,439.00
03/18/2022 06:54:36,437.00
03/18/2022 06:49:36,434.00
03/18/2022 06:44:36,438.00
03/18/2022 06:39:36,440.00
03/18/2022 06:34:36,438.00
03/18/2022 06:29:36,436.00
03/18/2022 06:24:36,436.00
03/18/2022 06:19:36,445.00
03/18/2022 06:14:36,519.00
03/18/2022 06:09:36,428.00
03/18/2022 06:04:36,428.00
03/18/2022 05:59:36,422.00
03/18/2022 05:54:36,446.00
03/18/2022 05:49:36,417.00
03/18/2022 05:44:36,454.00
03/18/2022 05:39:36,435.00
03/18/2022 05:34:36,433.00
03/18/2022 05:29:36,435.00
03/18/2022 05:24:36,439.00
03/18/2022 05:19:36,441.00
03/18/2022 05:14:36,464.00
03/18/2022 05:09:36,416.00
03/18/2022 05:04:36,419.00
03/18/2022 04:59:36,423.00
03/18/2022 04:54:36,452.00
03/18/2022 04:49:36,413.00
03/18/2022 04:44:36,417.00
03/18/2022 04:39:36,409.00
03/18/2022 04:34:36,420.00
03/18/2022 04:29:36,420.00
03/18/2022 04:24:36,421.00
03/18/2022 04:19:36,426.00
03/18/2022 04:14:36,425.00
03/18/2022 04:09:36,428.00
03/18/2022 04:04:36,425.00
03/18/2022 03:59:36,427.00
03/18/2022 03:54:36,429.00
03/18/2022 03:49:36,432.00
03/18/2022 03:44:36,426.00
03/18/2022 03:39:36,439.00
03/18/2022 03:34:36,433.00
03/18/2022 03:29:36,437.00
03/18/2022 03:24:36,450.00
03/18/2022 03:19:36,443.00
03/18/2022 03:14:36,447.00
03/18/2022 03:09:36,443.00
03/18/2022 03:04:36,447.00
03/18/2022 02:59:36,453.00
03/18/2022 02:54:36,453.00
03/18/2022 02:49:36,450.00
03/18/2022 02:44:36,455.00
03/18/2022 02:39:36,461.00
03/18/2022 02:34:37,468.00
03/18/2022 02:29:36,464.00
03/18/2022 02:24:37,470.00
03/18/2022 02:19:37,470.00
03/18/2022 02:14:37,471.00
03/18/2022 02:09:37,474.00
03/18/2022 02:04:37,479.00
03/18/2022 01:59:37,492.00
03/18/2022 01:54:37,485.00
03/18/2022 01:49:37,496.00
03/18/2022 01:44:37,494.00
03/18/2022 01:39:37,495.00
03/18/2022 01:34:37,495.00
03/18/2022 01:29:37,491.00
03/18/2022 01:24:37,503.00
03/18/2022 01:19:37,506.00
03/18/2022 01:14:37,518.00
03/18/2022 01:09:37,516.00
03/18/2022 01:04:37,516.00
03/18/2022 00:59:37,525.00
03/18/2022 00:54:37,527.00
03/18/2022 00:49:37,532.00
03/18/2022 00:44:37,539.00
03/18/2022 00:39:37,537.00
03/18/2022 00:34:37,543.00
03/18/2022 00:29:37,543.00
03/18/2022 00:24:37,547.00
03/18/2022 00:19:37,564.00
03/18/2022 00:14:37,563.00
03/18/2022 00:09:37,564.00
03/18/2022 00:04:37,571.00
03/17/2022 23:59:37,581.00
03/17/2022 23:54:37,582.00
03/17/2022 23:49:38,588.00
03/17/2022 23:44:38,588.00
03/17/2022 23:39:38,599.00
03/17/2022 23:34:38,595.00
03/17/2022 23:29:38,608.00
03/17/2022 23:24:38,596.00
03/17/2022 23:19:38,613.00
03/17/2022 23:14:38,618.00
03/17/2022 23:09:38,628.00
03/17/2022 23:04:38,636.00
03/17/2022 22:59:39,638.00
03/17/2022 22:54:39,655.00
03/17/2022 22:49:39,659.00
03/17/2022 22:44:39,658.00
03/17/2022 22:39:39,672.00
03/17/2022 22:34:39,670.00
03/17/2022 22:29:39,676.00
03/17/2022 22:24:39,688.00
03/17/2022 22:19:39,651.00
03/17/2022 22:14:39,634.00
03/17/2022 22:09:39,738.00
03/17/2022 22:04:39,763.00
03/17/2022 21:59:39,838.00
03/17/2022 21:54:38,868.00
03/17/2022 21:49:38,899.00
03/17/2022 21:44:38,964.00
03/17/2022 21:39:38,1024.00
03/17/2022 21:34:38,1090.00
03/17/2022 21:29:38,1121.00
03/17/2022 21:24:38,1079.00
03/17/2022 21:19:38,1035.00
03/17/2022 21:14:38,1117.00
03/17/2022 21:09:38,1024.00
03/17/2022 21:04:37,1058.00
03/17/2022 20:59:37,1021.00
03/17/2022 20:54:38,993.00
03/17/2022 20:49:38,1047.00
03/17/2022 20:44:38,1005.00
03/17/2022 20:39:38,889.00
03/17/2022 20:34:38,791.00
03/17/2022 20:29:38,737.00
03/17/2022 20:24:38,686.00
03/17/2022 20:19:38,642.00
03/17/2022 20:14:38,602.00
03/17/2022 20:09:38,517.00
03/17/2022 20:04:38,476.00
03/17/2022 19:59:38,358.00
03/17/2022 19:54:38,405.00
03/17/2022 19:49:38,370.00
03/17/2022 19:44:38,361.00
03/17/2022 19:39:38,358.00
03/17/2022 19:34:38,353.00
03/17/2022 19:29:38,358.00
03/17/2022 19:24:38,357.00
03/17/2022 19:19:38,353.00
03/17/2022 19:14:38,355.00
03/17/2022 19:09:38,356.00
03/17/2022 19:04:38,357.00
03/17/2022 18:59:38,356.00
03/17/2022 18:54:38,351.00
03/17/2022 18:49:38,356.00
03/17/2022 18:44:38,359.00
03/17/2022 18:39:38,352.00
03/17/2022 18:34:38,363.00
03/17/2022 18:29:39,351.00
03/17/2022 18:24:39,355.00
03/17/2022 18:19:39,346.00
03/17/2022 18:14:39,350.00
03/17/2022 18:09:39,342.00
03/17/2022 18:04:39,351.00
03/17/2022 17:59:39,356.00
03/17/2022 17:54:39,353.00
03/17/2022 17:49:39,351.00
03/17/2022 17:44:39,351.00
03/17/2022 17:39:38,351.00
03/17/2022 17:34:38,343.00
03/17/2022 17:29:38,350.00
03/17/2022 17:24:38,349.00
03/17/2022 17:19:38,346.00
03/17/2022 17:14:38,343.00
03/17/2022 17:09:38,346.00
03/17/2022 17:04:38,342.00
03/17/2022 16:59:38,336.00
03/17/2022 16:54:38,344.00
03/17/2022 16:49:38,348.00
03/17/2022 16:44:38,343.00
03/17/2022 16:39:38,350.00
03/17/2022 16:34:38,343.00
03/17/2022 16:29:38,336.00
03/17/2022 16:24:38,348.00
03/17/2022 16:19:38,345.00
03/17/2022 16:14:38,342.00
03/17/2022 16:09:38,340.00
03/17/2022 16:04:38,342.00
03/17/2022 15:59:38,336.00
03/17/2022 15:54:39,343.00
03/17/2022 15:49:38,339.00
03/17/2022 15:44:38,343.00
03/17/2022 15:39:38,335.00
03/17/2022 15:34:38,341.00
03/17/2022 15:29:39,332.00
03/17/2022 15:24:39,341.00
03/17/2022 15:19:39,342.00
03/17/2022 15:14:39,336.00
03/17/2022 15:09:39,343.00
03/17/2022 15:04:38,345.00
03/17/2022 14:59:38,338.00
03/17/2022 14:54:39,331.00
03/17/2022 14:49:39,338.00
03/17/2022 14:44:39,335.00
03/17/2022 14:39:39,343.00
03/17/2022 14:34:39,336.00
03/17/2022 14:29:39,340.00
03/17/2022 14:24:39,341.00
03/17/2022 14:19:39,340.00
03/17/2022 14:14:39,335.00
03/17/2022 14:09:39,339.00
03/17/2022 14:04:39,343.00
03/17/2022 13:59:39,336.00
03/17/2022 13:54:39,343.00
03/17/2022 13:49:39,340.00
03/17/2022 13:44:39,340.00
03/17/2022 13:39:39,344.00
03/17/2022 13:34:39,348.00
03/17/2022 13:24:39,340.00
03/17/2022 13:19:39,334.00
03/17/2022 13:14:39,345.00
03/17/2022 13:09:39,344.00
03/17/2022 13:04:39,343.00
03/17/2022 12:59:39,349.00
03/17/2022 12:54:39,348.00
03/17/2022 12:49:39,343.00
03/17/2022 12:44:39,343.00
03/17/2022 12:39:39,345.00
03/17/2022 12:34:39,344.00
03/17/2022 12:29:39,349.00
03/17/2022 12:24:39,356.00
03/17/2022 12:19:39,344.00
03/17/2022 12:14:39,347.00
03/17/2022 12:09:39,351.00
03/17/2022 12:04:39,354.00
03/17/2022 11:59:39,356.00
03/17/2022 11:54:39,354.00
03/17/2022 11:49:39,349.00
03/17/2022 11:39:39,355.00
03/17/2022 11:29:39,365.00
03/17/2022 11:24:39,366.00
03/17/2022 11:19:39,360.00
03/17/2022 11:14:39,371.00
03/17/2022 11:09:39,365.00
03/17/2022 11:04:39,371.00
03/17/2022 10:59:39,374.00
03/17/2022 10:54:39,378.00
03/17/2022 10:49:39,376.00
03/17/2022 10:44:39,389.00
03/17/2022 10:39:39,385.00
03/17/2022 10:34:39,390.00
03/17/2022 10:29:39,402.00
03/17/2022 10:24:39,399.00
03/17/2022 10:19:39,410.00
03/17/2022 10:14:39,413.00
03/17/2022 10:09:39,418.00
03/17/2022 10:04:39,428.00
03/17/2022 09:59:39,434.00
03/17/2022 09:54:39,433.00
03/17/2022 09:49:39,448.00
03/17/2022 09:44:39,455.00
03/17/2022 09:39:39,464.00
03/17/2022 09:34:39,474.00
03/17/2022 09:29:39,499.00
03/17/2022 09:24:39,514.00
03/17/2022 09:19:39,532.00
03/17/2022 09:14:40,544.00
03/17/2022 09:09:40,566.00
03/17/2022 09:04:40,608.00
03/17/2022 08:59:40,609.00
03/17/2022 08:54:40,659.00
03/17/2022 08:49:40,757.00
03/17/2022 08:44:40,773.00
03/17/2022 08:39:40,729.00
03/17/2022 08:34:40,739.00
03/17/2022 08:29:40,703.00
03/17/2022 08:24:40,664.00
03/17/2022 08:19:40,678.00
03/17/2022 08:14:40,664.00
03/17/2022 08:09:40,672.00
03/17/2022 08:04:40,653.00
03/17/2022 07:59:40,640.00
03/17/2022 07:54:40,630.00
03/17/2022 07:49:40,609.00
03/17/2022 07:44:40,609.00
03/17/2022 07:39:40,601.00
03/17/2022 07:34:40,594.00
03/17/2022 07:29:40,598.00
03/17/2022 07:24:40,576.00
03/17/2022 07:19:40,591.00
03/17/2022 07:14:40,594.00
03/17/2022 07:09:40,579.00
03/17/2022 07:04:40,566.00
03/17/2022 06:59:40,563.00
03/17/2022 06:54:40,580.00
03/17/2022 06:49:40,555.00
03/17/2022 06:44:40,551.00
03/17/2022 06:39:40,483.00
03/17/2022 06:34:40,503.00
03/17/2022 06:29:40,457.00
03/17/2022 06:24:40,473.00
03/17/2022 06:19:40,438.00
03/17/2022 06:14:40,455.00
03/17/2022 06:09:40,447.00
03/17/2022 06:04:40,389.00
03/17/2022 05:59:40,398.00
03/17/2022 05:54:40,414.00
03/17/2022 05:49:40,424.00
03/17/2022 05:44:40,426.00
03/17/2022 05:39:40,406.00
03/17/2022 05:34:40,401.00
03/17/2022 05:29:40,400.00
03/17/2022 05:24:40,409.00
03/17/2022 05:19:40,407.00
03/17/2022 05:14:40,415.00
03/17/2022 05:09:40,421.00
03/17/2022 05:04:40,411.00
03/17/2022 04:59:40,463.00
03/17/2022 04:54:40,429.00
03/17/2022 04:49:40,434.00
03/17/2022 04:44:40,434.00
03/17/2022 04:39:40,426.00
03/17/2022 04:34:40,440.00
03/17/2022 04:29:40,443.00
03/17/2022 04:24:40,457.00
03/17/2022 04:19:40,433.00
03/17/2022 04:14:40,459.00
03/17/2022 04:09:40,467.00
03/17/2022 04:04:40,469.00
03/17/2022 03:59:40,485.00
03/17/2022 03:54:41,483.00
03/17/2022 03:49:40,474.00
03/17/2022 03:44:40,489.00
03/17/2022 03:39:41,494.00
03/17/2022 03:34:41,489.00
03/17/2022 03:29:41,492.00
03/17/2022 03:24:41,505.00
03/17/2022 03:19:41,492.00
03/17/2022 03:14:41,496.00
03/17/2022 03:09:41,508.00
03/17/2022 03:04:41,501.00
03/17/2022 02:59:41,500.00
03/17/2022 02:54:41,502.00
03/17/2022 02:49:41,507.00
03/17/2022 02:44:41,511.00
03/17/2022 02:39:41,501.00
03/17/2022 02:34:41,509.00
03/17/2022 02:29:41,511.00
03/17/2022 02:24:41,511.00
03/17/2022 02:19:41,506.00
03/17/2022 02:14:41,515.00
03/17/2022 02:09:41,506.00
03/17/2022 02:04:41,524.00
03/17/2022 01:59:41,517.00
03/17/2022 01:54:41,523.00
03/17/2022 01:49:41,509.00
03/17/2022 01:44:41,515.00
03/17/2022 01:39:41,524.00
03/17/2022 01:34:41,517.00
03/17/2022 01:29:41,527.00
03/17/2022 01:24:41,517.00
03/17/2022 01:19:41,520.00
03/17/2022 01:14:41,523.00
03/17/2022 01:09:41,521.00
03/17/2022 01:04:41,527.00
03/17/2022 00:59:41,528.00
03/17/2022 00:54:41,516.00
03/17/2022 00:49:41,532.00
03/17/2022 00:44:41,535.00
03/17/2022 00:39:41,522.00
03/17/2022 00:34:41,535.00
03/17/2022 00:29:41,538.00
03/17/2022 00:24:41,532.00
03/17/2022 00:19:41,537.00
03/17/2022 00:14:41,532.00
03/17/2022 00:09:41,529.00
03/17/2022 00:04:41,526.00
03/16/2022 23:59:41,538.00
03/16/2022 23:54:41,543.00
03/16/2022 23:49:41,542.00
03/16/2022 23:44:41,537.00
03/16/2022 23:39:41,546.00
03/16/2022 23:34:41,542.00
03/16/2022 23:29:41,546.00
03/16/2022 23:24:41,561.00
03/16/2022 23:19:41,547.00
03/16/2022 23:14:41,543.00
03/16/2022 23:09:41,554.00
03/16/2022 23:04:42,568.00
03/16/2022 22:59:42,552.00
03/16/2022 22:54:42,562.00
03/16/2022 22:49:42,574.00
03/16/2022 22:44:42,571.00
03/16/2022 22:39:42,575.00
03/16/2022 22:34:42,581.00
03/16/2022 22:29:42,588.00
03/16/2022 22:24:42,595.00
03/16/2022 22:19:42,601.00
03/16/2022 22:14:42,604.00
03/16/2022 22:09:42,621.00
03/16/2022 22:04:42,624.00
03/16/2022 21:59:42,636.00
03/16/2022 21:54:42,633.00
03/16/2022 21:49:42,651.00
03/16/2022 21:44:42,646.00
03/16/2022 21:39:42,647.00
03/16/2022 21:34:42,660.00
03/16/2022 21:29:42,684.00
03/16/2022 21:24:42,637.00
03/16/2022 21:19:42,620.00
03/16/2022 21:14:42,660.00
03/16/2022 21:09:42,642.00
03/16/2022 21:04:42,613.00
03/16/2022 20:59:42,596.00
03/16/2022 20:54:42,564.00
03/16/2022 20:49:42,534.00
03/16/2022 20:44:42,537.00
03/16/2022 20:39:42,544.00
03/16/2022 20:34:42,525.00
03/16/2022 20:29:42,535.00
03/16/2022 20:24:42,516.00
03/16/2022 20:19:42,529.00
03/16/2022 20:14:42,514.00
03/16/2022 20:09:42,511.00
03/16/2022 20:04:42,508.00
03/16/2022 19:59:42,493.00
03/16/2022 19:54:42,457.00
03/16/2022 19:49:42,413.00
03/16/2022 19:44:42,429.00
03/16/2022 19:39:42,429.00
03/16/2022 19:34:42,453.00
03/16/2022 19:29:42,469.00
03/16/2022 19:24:42,535.00
03/16/2022 19:19:42,537.00
03/16/2022 19:14:42,616.00
03/16/2022 19:09:42,680.00
03/16/2022 19:04:42,769.00
03/16/2022 18:59:42,804.00
03/16/2022 18:54:42,817.00
03/16/2022 18:49:42,838.00
03/16/2022 18:44:42,845.00
03/16/2022 18:39:42,858.00
03/16/2022 18:34:42,871.00
03/16/2022 18:29:42,868.00
03/16/2022 18:24:42,894.00
03/16/2022 18:19:42,922.00
03/16/2022 18:14:42,945.00
03/16/2022 18:09:42,970.00
03/16/2022 18:04:42,976.00
03/16/2022 17:59:42,990.00
03/16/2022 17:54:42,999.00
03/16/2022 17:49:42,1014.00
03/16/2022 17:44:42,1025.00
03/16/2022 17:39:43,1031.00
03/16/2022 17:34:43,1061.00
03/16/2022 17:29:43,1069.00
03/16/2022 17:24:43,1089.00
03/16/2022 17:19:43,1110.00
03/16/2022 17:14:43,1115.00
03/16/2022 17:09:43,1140.00
03/16/2022 17:04:43,1160.00
03/16/2022 16:59:43,1132.00
03/16/2022 16:54:43,1117.00
03/16/2022 16:49:43,1107.00
03/16/2022 16:44:43,1096.00
03/16/2022 16:39:43,1074.00
03/16/2022 16:34:43,1067.00
03/16/2022 16:29:43,1065.00
03/16/2022 16:24:43,1026.00
03/16/2022 16:19:43,1012.00
03/16/2022 16:14:43,984.00
03/16/2022 16:09:43,948.00
03/16/2022 16:04:43,929.00
03/16/2022 15:59:43,917.00
03/16/2022 15:54:43,868.00
03/16/2022 15:49:43,940.00
03/16/2022 15:44:43,916.00
03/16/2022 15:39:43,861.00
03/16/2022 15:34:43,845.00
03/16/2022 15:29:43,801.00
03/16/2022 15:24:43,793.00
03/16/2022 15:19:43,740.00
03/16/2022 15:14:43,709.00
03/16/2022 15:09:43,776.00
03/16/2022 15:04:43,973.00
03/16/2022 14:59:43,965.00
03/16/2022 14:54:43,944.00
03/16/2022 14:49:43,912.00
03/16/2022 14:44:43,899.00
03/16/2022 14:39:43,844.00
03/16/2022 14:34:43,891.00
03/16/2022 14:29:43,856.00
03/16/2022 14:24:43,843.00
03/16/2022 14:19:43,802.00
03/16/2022 14:14:43,782.00
03/16/2022 14:09:43,722.00
03/16/2022 14:04:43,706.00
03/16/2022 13:59:43,685.00
03/16/2022 13:54:43,670.00
03/16/2022 13:49:43,645.00
03/16/2022 13:44:43,609.00
03/16/2022 13:39:43,567.00
03/16/2022 13:34:43,523.00
03/16/2022 13:29:43,543.00
03/16/2022 13:24:43,552.00
03/16/2022 13:19:43,554.00
03/16/2022 13:14:43,565.00
03/16/2022 13:09:43,572.00
03/16/2022 13:04:43,575.00
03/16/2022 12:59:43,586.00
03/16/2022 12:54:43,582.00
03/16/2022 12:49:43,591.00
03/16/2022 12:44:43,598.00
03/16/2022 12:39:43,603.00
03/16/2022 12:34:43,607.00
03/16/2022 12:29:43,624.00
03/16/2022 12:24:43,624.00
03/16/2022 12:19:43,638.00
03/16/2022 12:14:43,645.00
03/16/2022 12:09:43,681.00
03/16/2022 12:04:43,703.00
03/16/2022 11:59:43,643.00
03/16/2022 11:54:44,668.00
03/16/2022 11:49:43,653.00
03/16/2022 11:44:43,626.00
03/16/2022 11:39:43,586.00
03/16/2022 11:34:43,561.00
03/16/2022 11:29:43,546.00
03/16/2022 11:24:43,512.00
03/16/2022 11:19:44,472.00
03/16/2022 11:14:44,464.00
03/16/2022 11:09:44,461.00
03/16/2022 11:04:44,462.00
03/16/2022 10:59:44,466.00
03/16/2022 10:54:44,469.00
03/16/2022 10:49:44,469.00
03/16/2022 10:44:44,468.00
03/16/2022 10:39:44,469.00
03/16/2022 10:34:44,478.00
03/16/2022 10:29:44,478.00
03/16/2022 10:24:44,478.00
03/16/2022 10:19:44,479.00
03/16/2022 10:14:44,480.00
03/16/2022 10:09:44,487.00
03/16/2022 10:04:44,486.00
03/16/2022 09:59:44,482.00
03/16/2022 09:54:44,481.00
03/16/2022 09:49:44,492.00
03/16/2022 09:44:44,485.00
03/16/2022 09:39:44,497.00
03/16/2022 09:34:44,499.00
03/16/2022 09:29:44,497.00
03/16/2022 09:24:44,507.00
03/16/2022 09:19:44,507.00
03/16/2022 09:14:44,505.00
03/16/2022 09:09:44,500.00
03/16/2022 09:04:44,509.00
03/16/2022 08:59:44,515.00
03/16/2022 08:54:44,516.00
03/16/2022 08:49:44,514.00
03/16/2022 08:44:44,521.00
03/16/2022 08:39:44,519.00
03/16/2022 08:34:44,523.00
03/16/2022 08:29:44,522.00
03/16/2022 08:24:44,527.00
03/16/2022 08:19:44,536.00
03/16/2022 08:14:44,532.00
03/16/2022 08:09:44,537.00
03/16/2022 08:04:44,539.00
03/16/2022 07:59:44,543.00
03/16/2022 07:54:44,541.00
03/16/2022 07:49:44,554.00
03/16/2022 07:44:44,565.00
03/16/2022 07:39:44,553.00
03/16/2022 07:34:44,557.00
03/16/2022 07:29:44,562.00
03/16/2022 07:24:44,572.00
03/16/2022 07:19:44,570.00
03/16/2022 07:14:44,570.00
03/16/2022 07:09:44,580.00
03/16/2022 07:04:44,582.00
03/16/2022 06:59:44,591.00
03/16/2022 06:54:44,593.00
03/16/2022 06:49:44,602.00
03/16/2022 06:44:44,605.00
03/16/2022 06:39:45,615.00
03/16/2022 06:34:45,620.00
03/16/2022 06:29:45,625.00
03/16/2022 06:24:45,630.00
03/16/2022 06:19:45,640.00
03/16/2022 06:14:45,631.00
03/16/2022 06:09:45,611.00
03/16/2022 06:04:45,624.00
03/16/2022 05:59:45,627.00
03/16/2022 05:54:45,633.00
03/16/2022 05:49:45,638.00
03/16/2022 05:44:45,633.00
03/16/2022 05:39:45,646.00
03/16/2022 05:34:45,671.00
03/16/2022 05:29:45,634.00
03/16/2022 05:24:45,624.00
03/16/2022 05:19:45,637.00
03/16/2022 05:14:45,656.00
03/16/2022 05:09:45,590.00
03/16/2022 05:04:45,544.00
03/16/2022 04:59:45,477.00
03/16/2022 04:54:45,471.00
03/16/2022 04:49:45,467.00
03/16/2022 04:44:45,469.00
03/16/2022 04:39:45,464.00
03/16/2022 04:34:45,466.00
03/16/2022 04:29:45,472.00
03/16/2022 04:24:45,469.00
03/16/2022 04:19:45,469.00
03/16/2022 04:14:45,469.00
03/16/2022 04:09:45,476.00
03/16/2022 04:04:45,474.00
03/16/2022 03:59:45,482.00
03/16/2022 03:54:45,479.00
03/16/2022 03:49:45,480.00
03/16/2022 03:44:45,486.00
03/16/2022 03:39:45,486.00
03/16/2022 03:34:45,486.00
03/16/2022 03:29:45,487.00
03/16/2022 03:24:45,490.00
03/16/2022 03:19:45,496.00
03/16/2022 03:14:45,499.00
03/16/2022 03:09:45,487.00
03/16/2022 03:04:45,499.00
03/16/2022 02:59:45,497.00
03/16/2022 02:54:45,503.00
03/16/2022 02:49:45,500.00
03/16/2022 02:44:45,504.00
03/16/2022 02:39:45,504.00
03/16/2022 02:34:45,510.00
03/16/2022 02:29:45,500.00
03/16/2022 02:24:45,515.00
03/16/2022 02:19:45,506.00
03/16/2022 02:14:45,524.00
03/16/2022 02:09:45,519.00
03/16/2022 02:04:45,527.00
03/16/2022 01:59:45,523.00
03/16/2022 01:54:45,525.00
03/16/2022 01:49:45,535.00
03/16/2022 01:44:45,531.00
03/16/2022 01:39:45,528.00
03/16/2022 01:34:45,532.00
03/16/2022 01:29:45,544.00
03/16/2022 01:24:45,541.00
03/16/2022 01:19:45,543.00
03/16/2022 01:14:46,561.00
03/16/2022 01:09:45,541.00
03/16/2022 01:04:45,559.00
03/16/2022 00:59:45,552.00
03/16/2022 00:54:45,563.00
03/16/2022 00:49:45,558.00
03/16/2022 00:44:45,566.00
03/16/2022 00:39:45,567.00
03/16/2022 00:34:45,569.00
03/16/2022 00:29:45,580.00
03/16/2022 00:24:46,574.00
03/16/2022 00:19:46,578.00
03/16/2022 00:14:46,577.00
03/16/2022 00:09:46,581.00
03/16/2022 00:04:46,586.00
03/15/2022 23:59:46,593.00
03/15/2022 23:54:46,596.00
03/15/2022 23:49:46,598.00
03/15/2022 23:44:46,604.00
03/15/2022 23:39:46,606.00
03/15/2022 23:34:46,605.00
03/15/2022 23:29:46,608.00
03/15/2022 23:24:46,617.00
03/15/2022 23:19:46,618.00
03/15/2022 23:14:46,619.00
03/15/2022 23:09:46,629.00
03/15/2022 23:04:46,633.00
03/15/2022 22:59:46,638.00
03/15/2022 22:54:46,645.00
03/15/2022 22:49:46,646.00
03/15/2022 22:44:46,654.00
03/15/2022 22:39:46,661.00
03/15/2022 22:34:46,663.00
03/15/2022 22:29:46,665.00
03/15/2022 22:24:46,667.00
03/15/2022 22:19:46,671.00
03/15/2022 22:14:46,677.00
03/15/2022 22:09:46,681.00
03/15/2022 22:04:46,684.00
03/15/2022 21:59:46,667.00
03/15/2022 21:54:46,653.00
03/15/2022 21:49:46,622.00
03/15/2022 21:44:46,631.00
03/15/2022 21:39:46,605.00
03/15/2022 21:34:46,631.00
03/15/2022 21:29:46,657.00
03/15/2022 21:24:46,845.00
03/15/2022 21:19:46,1107.00
03/15/2022 21:14:46,1262.00
03/15/2022 21:09:46,1274.00
03/15/2022 21:04:46,1321.00
03/15/2022 20:59:46,1341.00
03/15/2022 20:54:46,1305.00
03/15/2022 20:49:46,1257.00
03/15/2022 20:44:46,1232.00
03/15/2022 20:39:46,1234.00
03/15/2022 20:34:46,1190.00
03/15/2022 20:29:46,1205.00
03/15/2022 20:24:46,1122.00
03/15/2022 20:19:46,1105.00
03/15/2022 20:14:46,1141.00
03/15/2022 20:09:46,1110.00
03/15/2022 20:04:46,1101.00
03/15/2022 19:59:46,1042.00
03/15/2022 19:54:46,1036.00
03/15/2022 19:49:46,1099.00
03/15/2022 19:44:46,1918.00
